name,ats,token,tenant,dc,site,locale,board_url,found_on
Gunvor,workday,gunvor/Gunvor_Careers,gunvor,wd3,Gunvor_Careers,,https://gunvor.wd3.myworkdayjobs.com/wday/cxs/gunvor/Gunvor_Careers/jobs,https://gunvorgroup.com/
Castleton Commodities International,workday,osv-cci/CCICareers,osv-cci,wd1,CCICareers,,https://osv-cci.wd1.myworkdayjobs.com/wday/cxs/osv-cci/CCICareers/jobs,https://cci.com/
Onyx Capital Group,workable,onyx-capital-group,,,,,,https://onyxcapitalgroup.com/
ECOM Agroindustrial,teamtailor,ecomtradinggroup,,,,,,https://ecomtrading.com/
Vitol,smartrecruiters,Vitol,,,,,,http://www.vitol.com/careers/
Viterra,workday,viterra/External-CAN,viterra,wd3,External-CAN,,https://viterra.wd3.myworkdayjobs.com/wday/cxs/viterra/External-CAN/jobs,https://www.viterra.com/job-search
Trafigura,workday,trafigura/TrafiguraCareerSite,trafigura,wd3,TrafiguraCareerSite,,https://trafigura.wd3.myworkdayjobs.com/wday/cxs/trafigura/TrafiguraCareerSite/jobs,https://www.trafigura.com/careers/
BP,workday,bpinternational/bpCareers,bpinternational,wd3,bpCareers,,https://bpinternational.wd3.myworkdayjobs.com/wday/cxs/bpinternational/bpCareers/jobs,https://careers.bp.com
Equinor,workday,equinor/EQNR,equinor,wd3,EQNR,,https://equinor.wd3.myworkdayjobs.com/wday/cxs/equinor/EQNR/jobs,https://www.equinor.com/careers
World Kinect,workday,wfscorp/wfscareers,wfscorp,wd5,wfscareers,,https://wfscorp.wd5.myworkdayjobs.com/wday/cxs/wfscorp/wfscareers/jobs,https://www.world-kinect.com/
Puma Energy,workday,trafigura/Puma_Energy_Careers,trafigura,wd3,Puma_Energy_Careers,,https://trafigura.wd3.myworkdayjobs.com/wday/cxs/trafigura/Puma_Energy_Careers/jobs,https://pumaenergy.com/careers/
Integr8 Fuels,workable,navig8,,,,,,https://integr8fuels.com/careers/
Shell,workday,shell/ShellCareers,shell,wd3,ShellCareers,,https://shell.wd3.myworkdayjobs.com/wday/cxs/shell/ShellCareers/jobs,https://shell.wd3.myworkdayjobs.com/shellcareers#vanity-aHR0cHM6Ly93d3cuc2hlbGwuY29tL2NhcmVlcnMvam9icy5odG1s
Peninsula,pinpoint,peninsula360,,,,,,https://www.peninsula360.com/careers/
Field,pinpoint,field,,,,,,https://www.field.energy/careers
Arenko,bamboohr,arenko,,,,,,https://arenko.group/careers/
Octopus Energy,lever,octoenergy,,,,,,https://octopus.energy/careers/
Piclo,greenhouse,embed,,,,,,https://www.piclo.com/careers
Enspired,recruitee,enspired,,,,,,https://www.enspired-trading.com/
Fidra Energy,bamboohr,fidra,,,,,,https://fidraenergy.com/careers/
Excelerate Energy,workday,excelerateenergy/ExcelerateEnergy,excelerateenergy,wd503,ExcelerateEnergy,en-US,https://excelerateenergy.wd503.myworkdayjobs.com/wday/cxs/excelerateenergy/ExcelerateEnergy/jobs,https://excelerateenergy.com/careers/
XTX Markets,greenhouse,xtxmarketstechnologies,,,,,,https://www.xtxmarkets.com/careers/
Quadrature Capital,greenhouse,quadraturecapital,,,,,,https://www.quadrature.ai/careers/join-us/
Mako Group,greenhouse,embed,,,,,,https://www.mako.com/
Radix Trading,greenhouse,radixuniversity,,,,,,https://radix-trading.com/
Maven Securities,greenhouse,embed,,,,,,https://www.mavensecurities.com/jobs/
Hudson River Trading,greenhouse,hrttalentcommunity,,,,,,https://www.hudsonrivertrading.com/careers/
Headlands Technologies,greenhouse,headlandstechnologiesllc,,,,,,https://headlandstech.com/careers/
Virtu ITG,greenhouse,embed,,,,,,https://www.virtu.com/careers/
Vatic Investments,greenhouse,embed,,,,,,https://www.vaticlabs.ai/careers/
Old Mission,greenhouse,embed,,,,,,https://www.oldmissioncapital.com/careers/
Caxton Associates,workable,caxton,,,,,,https://www.caxton.com/
Systematica Investments,pinpoint,systematica,,,,,,https://systematica.com/
Tudor Investment,greenhouse,tudorgroup,,,,,,https://www.tudor.com/careers/
Kpler,lever,kpler,,,,,,https://www.kpler.com/company/careers
Vortexa,workable,vortexa,,,,,,https://www.vortexa.com/careers
Fastmarkets,smartrecruiters,fastmarkets,,,,,,https://www.fastmarkets.com/about-us/careers/
Wood Mackenzie,workday,woodmac/woodmaccareers,woodmac,wd3,woodmaccareers,,https://woodmac.wd3.myworkdayjobs.com/wday/cxs/woodmac/woodmaccareers/jobs,https://www.woodmac.com/careers/overview/
Rystad Energy,workable,rystad-energy,,,,,,https://www.rystadenergy.com/career
Energy Aspects,pinpoint,app,,,,,,https://careers.energyaspects.com
LSEG,workday,lseg/Careers,lseg,wd3,Careers,,https://lseg.wd3.myworkdayjobs.com/wday/cxs/lseg/Careers/jobs,https://www.lseg.com/en/careers
Cornwall Energy,pinpoint,cornwallinsight,,,,,,https://www.cornwall-insight.com/careers/
Marex,breezy,marex,,,,,,https://www.marex.com:443/careers
Gibson Shipbrokers,breezy,ea-gibson,,,,,,https://www.gibsons.co.uk/careers/
Trayport,workday,tmx/Trayport_Careers,tmx,wd3,Trayport_Careers,,https://tmx.wd3.myworkdayjobs.com/wday/cxs/tmx/Trayport_Careers/jobs,https://trayport.com/company/careers/
TP ICAP,workday,tp/TP-ICAP,tp,wd107,TP-ICAP,,https://tp.wd107.myworkdayjobs.com/wday/cxs/tp/TP-ICAP/jobs,https://tpicap.com/tpicap/careers/opportunities
Nasdaq,workday,nasdaq/Global_External_Site,nasdaq,wd1,Global_External_Site,,https://nasdaq.wd1.myworkdayjobs.com/wday/cxs/nasdaq/Global_External_Site/jobs,https://www.nasdaq.com/about/careers
Auros,greenhouse,aurosglobal,,,,,,https://www.auros.global/careers
Galaxy Digital,greenhouse,galaxydigitalservices,,,,,,https://www.galaxy.com/careers
NESO,workday,neso/Careers,neso,wd103,Careers,,https://neso.wd103.myworkdayjobs.com/wday/cxs/neso/Careers/jobs,https://www.neso.energy/careers
Deribit,recruitee,deribit,,,,,,https://www.deribit.com/
Citi,workday,citi/2,citi,wd5,2,en-US,https://citi.wd5.myworkdayjobs.com/wday/cxs/citi/2/jobs,https://jobs.citi.com
Oxera,teamtailor,oxera,,,,,,https://www.oxera.com/careers/vacancies/
Charles River Associates,greenhouse,embed,,,,,,https://www.crai.com/cra-careers/jobs/
Financial Conduct Authority,workday,fca/FCA_Careers,fca,wd3,FCA_Careers,,https://fca.wd3.myworkdayjobs.com/wday/cxs/fca/FCA_Careers/jobs,https://www.fca.org.uk/careers
Utilita,workday,luxion/LGL,luxion,wd103,LGL,,https://luxion.wd103.myworkdayjobs.com/wday/cxs/luxion/LGL/jobs,https://utilita.co.uk/careers
Good Energy,pinpoint,app,,,,,,https://careers.goodenergy.co.uk/
Octopus Energy Generation,lever,octoenergy,,,,,,https://www.octopusenergygeneration.com/careers/
Anchorage Digital,lever,anchorage,,,,,,https://www.anchorage.com/careers
ERM,workday,erm/ERM_Careers,erm,wd3,ERM_Careers,,https://erm.wd3.myworkdayjobs.com/wday/cxs/erm/ERM_Careers/jobs,https://www.erm.com/erm-careers/
Lloyds Banking Group,workday,lbg/lbg_Careers,lbg,wd3,lbg_Careers,,https://lbg.wd3.myworkdayjobs.com/wday/cxs/lbg/lbg_Careers/jobs,https://www.lloydsbankinggroup.com/
Kraken,ashby,kraken,,,,,,https://www.kraken.com/careers
ConocoPhillips,workday,conocophillips/External,conocophillips,wd1,External,,https://conocophillips.wd1.myworkdayjobs.com/wday/cxs/conocophillips/External/jobs,https://careers.conocophillips.com/
Moelis and Company,workday,moelis/Experienced-Hires,moelis,wd1,Experienced-Hires,,https://moelis.wd1.myworkdayjobs.com/wday/cxs/moelis/Experienced-Hires/jobs,http://www.moelis.com/careers/
PJT Partners,workday,pjtpartners/Careers,pjtpartners,wd1,Careers,,https://pjtpartners.wd1.myworkdayjobs.com/wday/cxs/pjtpartners/Careers/jobs,https://www.pjtpartners.com/careers
Santander UK,workday,santander/SantanderCareers,santander,wd3,SantanderCareers,en-US,https://santander.wd3.myworkdayjobs.com/wday/cxs/santander/SantanderCareers/jobs,https://www.santander.com/en/careers/uk-careers
Panmure Liberum,bamboohr,panmure,,,,,,https://panmureliberum.com/careers
Kepler Cheuvreux,teamtailor,keplercheuvreux,,,,,,https://www.keplercheuvreux.com/en/
CIBC,workday,cibc/search,cibc,wd3,search,,https://cibc.wd3.myworkdayjobs.com/wday/cxs/cibc/search/jobs,https://www.cibc.com/en/about-cibc/careers.html
DBS Bank,workday,dbs/DBS_Careers,dbs,wd3,DBS_Careers,,https://dbs.wd3.myworkdayjobs.com/wday/cxs/dbs/DBS_Careers/jobs,https://www.dbs.com/careers/default.page
BBVA,workday,bbva/es,bbva,wd3,es,,https://bbva.wd3.myworkdayjobs.com/wday/cxs/bbva/es/jobs,https://www.bbva.com/en/careers/
State Street Global Advisors,workday,statestreet/Global,statestreet,wd1,Global,,https://statestreet.wd1.myworkdayjobs.com/wday/cxs/statestreet/Global/jobs,https://www.ssga.com/us/en/about-us/careers
GAM Investments,workday,gam/GAM,gam,wd3,GAM,,https://gam.wd3.myworkdayjobs.com/wday/cxs/gam/GAM/jobs,https://www.gam.com/careers
T Rowe Price,workday,troweprice/TRowePrice,troweprice,wd5,TRowePrice,,https://troweprice.wd5.myworkdayjobs.com/wday/cxs/troweprice/TRowePrice/jobs,https://www.troweprice.com/en/us/careers?van=Careers
Northern Trust Asset Management,workday,ntrs/northerntrust,ntrs,wd1,northerntrust,,https://ntrs.wd1.myworkdayjobs.com/wday/cxs/ntrs/northerntrust/jobs,https://ntrs.wd1.myworkdayjobs.com/northerntrust
Wellington Management,workday,wellington/External,wellington,wd5,External,,https://wellington.wd5.myworkdayjobs.com/wday/cxs/wellington/External/jobs,https://www.wellington.com/en/about-us/careers
PIMCO,workday,pimco/pimco-careers,pimco,wd1,pimco-careers,,https://pimco.wd1.myworkdayjobs.com/wday/cxs/pimco/pimco-careers/jobs,https://www.pimco.com/us/en/about-us/careers
Quilter,workday,quilter/External-Career-Site,quilter,wd3,External-Career-Site,en-US,https://quilter.wd3.myworkdayjobs.com/wday/cxs/quilter/External-Career-Site/jobs,https://careers.quilter.com:443/
Evelyn Partners,smartrecruiters,EvelynPartners,,,,,,https://www.evelyn.com/careers/
GSA Capital,greenhouse,embed,,,,,,https://gsacapital.com/
DWS,workday,db/DWSWebsite,db,wd3,DWSWebsite,en-US,https://db.wd3.myworkdayjobs.com/wday/cxs/db/DWSWebsite/jobs,https://www.dws.com/en-us/about-us/careers/
Pemberton Asset Management,ashby,Pemberton,,,,,,https://pembertonam.com/careers/
Aegon Asset Management,workday,transamerica/AEGONAM,transamerica,wd5,AEGONAM,,https://transamerica.wd5.myworkdayjobs.com/wday/cxs/transamerica/AEGONAM/jobs,https://www.aegonam.com/about-us/careers
Fortress Investment Group,workday,fortress/Careers,fortress,wd503,Careers,,https://fortress.wd503.myworkdayjobs.com/wday/cxs/fortress/Careers/jobs,https://www.fortress.com/careers
Sculptor Capital,workday,sculptor/Sculptor_External_Career_Site,sculptor,wd12,Sculptor_External_Career_Site,,https://sculptor.wd12.myworkdayjobs.com/wday/cxs/sculptor/Sculptor_External_Career_Site/jobs,https://www.sculptor.com/careers
Oaktree Capital Management,workday,oaktree/Oaktree,oaktree,wd1,Oaktree,,https://oaktree.wd1.myworkdayjobs.com/wday/cxs/oaktree/Oaktree/jobs,https://www.oaktreecapital.com/careers
Blackstone,workday,blackstone/Blackstone_Careers,blackstone,wd1,Blackstone_Careers,en-US,https://blackstone.wd1.myworkdayjobs.com/wday/cxs/blackstone/Blackstone_Careers/jobs,https://www.blackstone.com/careers/careers-blackstone/
Apollo Global Management,workday,athene/Apollo_Careers,athene,wd5,Apollo_Careers,,https://athene.wd5.myworkdayjobs.com/wday/cxs/athene/Apollo_Careers/jobs,https://www.apollo.com/careers
Blue Owl Capital,workday,blueowl/blueowl,blueowl,wd1,blueowl,,https://blueowl.wd1.myworkdayjobs.com/wday/cxs/blueowl/blueowl/jobs,https://www.blueowl.com/careers
Cinven,pinpoint,cinven,,,,,,https://www.cinven.com/
Antin Infrastructure Partners,teamtailor,antininfrastructurepartners-1655458195,,,,,,https://www.antin-ip.com/careers
TPG,greenhouse,tpgcareers,,,,,,https://www.tpg.com/careers
PAI Partners,recruitee,paipartners,,,,,,https://www.paipartners.com/
General Atlantic,greenhouse,generalatlantic,,,,,,https://www.generalatlantic.com/careers/
Hiscox,workday,hiscox/Hiscox_External_Site,hiscox,wd3,Hiscox_External_Site,,https://hiscox.wd3.myworkdayjobs.com/wday/cxs/hiscox/Hiscox_External_Site/jobs,https://www.hiscoxgroup.com/
Brookfield Asset Management,workday,brookfield/brookfield,brookfield,wd5,brookfield,,https://brookfield.wd5.myworkdayjobs.com/wday/cxs/brookfield/brookfield/jobs,https://www.brookfield.com/careers/career-opportunities
Convex,pinpoint,convexin,,,,,,https://convexin.com/
Murex,workday,murex/MurexCareerPage1,murex,wd3,MurexCareerPage1,,https://murex.wd3.myworkdayjobs.com/wday/cxs/murex/MurexCareerPage1/jobs,https://www.murex.com/en
Finastra,workday,finastra/FINC,finastra,wd3,FINC,,https://finastra.wd3.myworkdayjobs.com/wday/cxs/finastra/FINC/jobs,https://www.finastra.com/
Broadridge,workday,broadridge/Careers,broadridge,wd5,Careers,,https://broadridge.wd5.myworkdayjobs.com/wday/cxs/broadridge/Careers/jobs,https://www.broadridge.com/
EnQuest,workday,enquest/Enquest_Careers,enquest,wd3,Enquest_Careers,,https://enquest.wd3.myworkdayjobs.com/wday/cxs/enquest/Enquest_Careers/jobs,https://www.enquest.com/
LCH,workday,lseg/Careers,lseg,wd3,Careers,,https://lseg.wd3.myworkdayjobs.com/wday/cxs/lseg/Careers/jobs,https://www.lseg.com/en/careers
NextDecade,workday,nextdecade/GlobalCareers,nextdecade,wd501,GlobalCareers,,https://nextdecade.wd501.myworkdayjobs.com/wday/cxs/nextdecade/GlobalCareers/jobs,https://www.next-decade.com/
TC Energy,workday,tcenergy/CAREER_SITE_TC,tcenergy,wd3,CAREER_SITE_TC,en-US,https://tcenergy.wd3.myworkdayjobs.com/wday/cxs/tcenergy/CAREER_SITE_TC/jobs,https://www.tcenergy.com/careers
Enbridge,workday,enbridge/enbridge_careers,enbridge,wd3,enbridge_careers,,https://enbridge.wd3.myworkdayjobs.com/wday/cxs/enbridge/enbridge_careers/jobs,https://enbridge.wd3.myworkdayjobs.com/enbridge_careers
Williams Companies,workday,williams/External,williams,wd5,External,,https://williams.wd5.myworkdayjobs.com/wday/cxs/williams/External/jobs,https://www.williams.com/
GE Vernova,workday,gevernova/Vernova_ExternalSite,gevernova,wd5,Vernova_ExternalSite,,https://gevernova.wd5.myworkdayjobs.com/wday/cxs/gevernova/Vernova_ExternalSite/jobs,https://careers.gevernova.com
Ledger,ashby,ledger,,,,,,https://www.ledger.com/
Fireblocks,greenhouse,embed,,,,,,https://www.fireblocks.com/
TRM Labs,greenhouse,embed,,,,,,https://www.trmlabs.com/careers
Monzo,greenhouse,monzo,,,,,,https://monzo.com/careers
Thought Machine,ashby,thought-machine,,,,,,https://www.thoughtmachine.net/
GoCardless,greenhouse,gocardless,,,,,,https://gocardless.com/about/careers
Marqeta,greenhouse,marqeta,,,,,,https://www.marqeta.com/company/careers
10x Banking,workable,10xbanking,,,,,,https://www.10xbanking.com/about/job-vacancies
Alpha Group,bamboohr,alphafx,,,,,,https://www.alphagroup.com/about/careers/
Saxo Bank,workday,saxobank/CareeratSaxoBank,saxobank,wd3,CareeratSaxoBank,en-US,https://saxobank.wd3.myworkdayjobs.com/wday/cxs/saxobank/CareeratSaxoBank/jobs,https://www.home.saxo/about-us/careers
Corpay,workday,corpay/Ext_001,corpay,wd103,Ext_001,,https://corpay.wd103.myworkdayjobs.com/wday/cxs/corpay/Ext_001/jobs,https://www.corpay.com/en-GB/careers
Uphold,bamboohr,uphold,,,,,,https://uphold.com/careers/jobs
Nodal Exchange,pinpoint,nodalexchange,,,,,,https://www.nodalexchange.com/
Verra,rippling,verra-opportunities,,,,,,https://verra.org/life-at-verra/
ClimatePartner,personio,climatepartner-gmbh,,,,,,https://www.climatepartner.com/en/career
Sylvera,ashby,sylvera,,,,,,https://www.sylvera.com/
Patch,ashby,patch,,,,,,https://www.patch.io/careers
Carbon Direct,greenhouse,carbondirect,,,,,,https://www.carbon-direct.com/careers
Accenture,workday,accenture/AccentureCareers,accenture,wd103,AccentureCareers,,https://accenture.wd103.myworkdayjobs.com/wday/cxs/accenture/AccentureCareers/jobs,https://www.accenture.com/us-en/careers
Deloitte,workday,deloitteie/Experienced_Professionals,deloitteie,wd3,Experienced_Professionals,,https://deloitteie.wd3.myworkdayjobs.com/wday/cxs/deloitteie/Experienced_Professionals/jobs,https://www.deloitte.com/global/en/careers/job-search.html
Guidehouse,workday,guidehouse/External,guidehouse,wd1,External,,https://guidehouse.wd1.myworkdayjobs.com/wday/cxs/guidehouse/External/jobs,https://guidehouse.com/
Compass Lexecon,workday,fticonsulting/CompassLexeconCareers,fticonsulting,wd108,CompassLexeconCareers,,https://fticonsulting.wd108.myworkdayjobs.com/wday/cxs/fticonsulting/CompassLexeconCareers/jobs,https://www.compasslexecon.com/careers
Xodus Group,workable,xodus-group,,,,,,https://www.xodusgroup.com/join-us
Belvedere Trading,lever,belvederetrading,,,,,,https://www.belvederetrading.com/
Tibra Capital,workable,tibra-capital-1,,,,,,https://www.tibra.com/careers/
Teza Technologies,ashby,teza-technologies,,,,,,https://www.teza.com/careers/
Simplex Trading,greenhouse,simplextrading,,,,,,https://simplextrading.com/careers/
Cero Generation,teamtailor,cerogeneration-1674220216,,,,,,https://cerogeneration.com/
Gelber Group,greenhouse,gelbergroup,,,,,,https://www.gelbergroup.com/careers/
Ev.energy,ashby,ev,,,,,,https://www.ev.energy/careers
Connected Kerb,workable,connected-kerb,,,,,,https://connectedkerb.com/
Carbon Tracker Initiative,workable,tracker-group,,,,,,https://carbontracker.org/
Project Blue,bamboohr,projectblue,,,,,,https://projectblue.com/careers
Bracebridge Capital,greenhouse,bracebridgecapital,,,,,,https://bracebridgecapital.com/careers/
Kayne Anderson,workable,kaynecapital,,,,,,https://kayneanderson.com/
Crown Estate,teamtailor,thecrownestate,,,,,,https://www.thecrownestate.co.uk/
Boliden,workday,boliden/BolidenJobs,boliden,wd3,BolidenJobs,en-US,https://boliden.wd3.myworkdayjobs.com/wday/cxs/boliden/BolidenJobs/jobs,https://www.boliden.com/
Alcoa,workday,alcoa/Careers,alcoa,wd5,Careers,,https://alcoa.wd5.myworkdayjobs.com/wday/cxs/alcoa/Careers/jobs,https://www.alcoa.com/careers/en
First Quantum Minerals,workday,firstquantum/First_Quantum_Careers,firstquantum,wd3,First_Quantum_Careers,en-US,https://firstquantum.wd3.myworkdayjobs.com/wday/cxs/firstquantum/First_Quantum_Careers/jobs,https://www.first-quantum.com/
Apical Group,workday,averis/RGE,averis,wd3,RGE,,https://averis.wd3.myworkdayjobs.com/wday/cxs/averis/RGE/jobs,https://www.apicalgroup.com/careers/
Andersons,workday,andersonsinc/TheAndersonsCareers,andersonsinc,wd1,TheAndersonsCareers,,https://andersonsinc.wd1.myworkdayjobs.com/wday/cxs/andersonsinc/TheAndersonsCareers/jobs,https://www.andersonsinc.com/
World Fuel Services,workday,wfscorp/wfscareers,wfscorp,wd5,wfscareers,,https://wfscorp.wd5.myworkdayjobs.com/wday/cxs/wfscorp/wfscareers/jobs,https://www.world-kinect.com/world-fuel
Golden Agri-Resources,workday,goldenagri/GAR_InternationalCareers,goldenagri,wd3,GAR_InternationalCareers,,https://goldenagri.wd3.myworkdayjobs.com/wday/cxs/goldenagri/GAR_InternationalCareers/jobs,https://www.golden-agri.com/work-with-us/
Climate Impact Partners,teamtailor,app,,,,,,https://careers.climateimpact.com/
Rubicon Carbon,greenhouse,rubiconcarbon,,,,,,https://rubiconcarbon.com/about-us/#Careers
Heidrick and Struggles,workday,heidrick/heidrickandstruggles,heidrick,wd1,heidrickandstruggles,,https://heidrick.wd1.myworkdayjobs.com/wday/cxs/heidrick/heidrickandstruggles/jobs,https://www.heidrick.com/en
J O Hambro Capital Management,workday,perpetual/JOHCM_External,perpetual,wd3,JOHCM_External,en-US,https://perpetual.wd3.myworkdayjobs.com/wday/cxs/perpetual/JOHCM_External/jobs,https://www.johcm.com/
Hargreaves Lansdown,workday,hargreaveslansdown/HargreavesLansdown,hargreaveslansdown,wd3,HargreavesLansdown,,https://hargreaveslansdown.wd3.myworkdayjobs.com/wday/cxs/hargreaveslansdown/HargreavesLansdown/jobs,https://careers.hl.co.uk/
Lombard Odier Investment Managers,workday,lombardodier/Lombard_Odier_Careers,lombardodier,wd3,Lombard_Odier_Careers,,https://lombardodier.wd3.myworkdayjobs.com/wday/cxs/lombardodier/Lombard_Odier_Careers/jobs,https://www.lombardodier.com/home.html
Wood Thilsted,bamboohr,woodthilsted,,,,,,https://woodthilsted.com/careers/
Rocky Mountain Institute,workday,rockymountain/RMI,rockymountain,wd1,RMI,en-US,https://rockymountain.wd1.myworkdayjobs.com/wday/cxs/rockymountain/RMI/jobs,https://rmi.org/
E3G,bamboohr,e3g,,,,,,https://www.e3g.org/about/careers/
Green Alliance,teamtailor,greenalliance,,,,,,https://greenalliance.teamtailor.com/
Xeneta,pinpoint,xeneta,,,,,,https://www.xeneta.com/
EWE Trading,workday,ewe/EWE,ewe,wd116,EWE,de-DE,https://ewe.wd116.myworkdayjobs.com/wday/cxs/ewe/EWE/jobs,https://www.ewe.com:443/jobs
Voltus,lever,voltus,,,,,,https://www.voltus.co/jobs
Fluence Energy,workday,fluenceenergy/fluenceenergy-jobs,fluenceenergy,wd12,fluenceenergy-jobs,en-US,https://fluenceenergy.wd12.myworkdayjobs.com/wday/cxs/fluenceenergy/fluenceenergy-jobs/jobs,https://fluenceenergy.com/energy-storage-careers/
Stem Inc,rippling,stem-inc,,,,,,https://www.stem.com/careers/
Aquatic Capital Management,greenhouse,aquaticcapitalmanagement,,,,,,https://aquatic.com/
Voleon Group,ashby,voleon,,,,,,https://voleon.com/jobs/
Nidec ASI,teamtailor,nidec,,,,,,https://www.nidec-conversion.com/careers/
PDT Partners,greenhouse,pdtpartners,,,,,,https://pdtpartners.com/careers
Walleye Capital,greenhouse,walleyecapital-external-students,,,,,,https://walleyecapital.com/careers
AllianceBernstein,workday,abglobal/alliancebernsteincareers,abglobal,wd1,alliancebernsteincareers,,https://abglobal.wd1.myworkdayjobs.com/wday/cxs/abglobal/alliancebernsteincareers/jobs,https://www.alliancebernstein.com/corporate/en/home.html
Western Asset Management,workday,franklintempleton/Jobs-WAM,franklintempleton,wd5,Jobs-WAM,,https://franklintempleton.wd5.myworkdayjobs.com/wday/cxs/franklintempleton/Jobs-WAM/jobs,https://www.westernasset.com/us/en/
AIG,workday,aig/aig,aig,wd1,aig,,https://aig.wd1.myworkdayjobs.com/wday/cxs/aig/aig/jobs,https://www.aig.com/home
Sompo International,workday,endurance/SompoInternational,endurance,wd103,SompoInternational,,https://endurance.wd103.myworkdayjobs.com/wday/cxs/endurance/SompoInternational/jobs,https://www.sompo.com:443/careers
Markel International,workday,markelcorp/GlobalCareers,markelcorp,wd5,GlobalCareers,,https://markelcorp.wd5.myworkdayjobs.com/wday/cxs/markelcorp/GlobalCareers/jobs,https://www.markel.com/about-us/careers
Starr Insurance,workday,starrcompanies/careers,starrcompanies,wd1,careers,,https://starrcompanies.wd1.myworkdayjobs.com/wday/cxs/starrcompanies/careers/jobs,https://starr.com/About/Careers
Argo Group,workday,brookfield/bpandc,brookfield,wd5,bpandc,,https://brookfield.wd5.myworkdayjobs.com/wday/cxs/brookfield/bpandc/jobs,https://www.argogroup.com/careers
Hamilton Insurance,bamboohr,hamilton,,,,,,https://www.hamiltongroup.com/careers/
TMX Group,workday,tmx/TMX_Careers,tmx,wd3,TMX_Careers,en-US,https://tmx.wd3.myworkdayjobs.com/wday/cxs/tmx/TMX_Careers/jobs,https://tmx.com/en/careers
CFC Underwriting,pinpoint,cfc,,,,,,https://www.cfc.com/en-us/careers/
ASX,workday,asx/ASX_Careers,asx,wd105,ASX_Careers,,https://asx.wd105.myworkdayjobs.com/wday/cxs/asx/ASX_Careers/jobs,https://www.asx.com.au/about/careers
Nuveen,workday,tiaa/Search,tiaa,wd1,Search,en-US,https://tiaa.wd1.myworkdayjobs.com/wday/cxs/tiaa/Search/jobs,https://www.nuveen.com/en-us/about-us/careers
Itiviti,workday,broadridge/Careers,broadridge,wd5,Careers,,https://broadridge.wd5.myworkdayjobs.com/wday/cxs/broadridge/Careers/jobs,https://www.broadridge.com/capability/front-office-solutions/
Covestro,workday,covestro/cov_external,covestro,wd3,cov_external,en-US,https://covestro.wd3.myworkdayjobs.com/wday/cxs/covestro/cov_external/jobs,https://www.covestro.com/
Johnson Matthey,workday,matthey/Ext_Career_Site,matthey,wd3,Ext_Career_Site,,https://matthey.wd3.myworkdayjobs.com/wday/cxs/matthey/Ext_Career_Site/jobs,https://matthey.com/
Tricon Energy,bamboohr,triconenergy,,,,,,https://www.triconenergy.com/careers
Vinmar International,workable,vinmar-international,,,,,,https://www.vinmar.com/careers/
Omya,workday,omya/Omya,omya,wd3,Omya,,https://omya.wd3.myworkdayjobs.com/wday/cxs/omya/Omya/jobs,https://www.omya.com/en/careers
Azelis,workday,azelis/Azelis_Careers,azelis,wd3,Azelis_Careers,en-US,https://azelis.wd3.myworkdayjobs.com/wday/cxs/azelis/Azelis_Careers/jobs,https://www.azelis.com/en/about-azelis/careers/working-at-azelis
Rand Merchant Bank,workday,firstrand/FRB,firstrand,wd3,FRB,,https://firstrand.wd3.myworkdayjobs.com/wday/cxs/firstrand/FRB/jobs,https://rmb.co.za/
Neumann Kaffee Gruppe,workday,nkg/nkg,nkg,wd103,nkg,,https://nkg.wd103.myworkdayjobs.com/wday/cxs/nkg/nkg/jobs,https://www.nkg.net/
Saybolt,workday,corelab/CLB,corelab,wd12,CLB,,https://corelab.wd12.myworkdayjobs.com/wday/cxs/corelab/CLB/jobs,https://www.corelab.com/
Blockdaemon,ashby,blockdaemon,,,,,,https://www.blockdaemon.com/careers
21Shares,greenhouse,21shares,,,,,,https://www.21shares.com/en-eu
Galena Asset Management,workday,trafigura/GalenaCareerSite,trafigura,wd3,GalenaCareerSite,,https://trafigura.wd3.myworkdayjobs.com/wday/cxs/trafigura/GalenaCareerSite/jobs,https://galena-invest.com/
Argent Energy,recruitee,argentenergylimited,,,,,,https://www.argentenergy.com/careers/
Getec,personio,getec-holding,,,,,,https://www.getec.de
Transocean,workday,deepwater/GlobalExternalCareerSite,deepwater,wd1,GlobalExternalCareerSite,,https://deepwater.wd1.myworkdayjobs.com/wday/cxs/deepwater/GlobalExternalCareerSite/jobs,https://deepwater.com/careers
Noble Corporation,workday,noblecorp/noblecorp,noblecorp,wd1,noblecorp,,https://noblecorp.wd1.myworkdayjobs.com/wday/cxs/noblecorp/noblecorp/jobs,https://noblecorp.com/
Diamond Offshore,workday,noblecorp/noblecorp,noblecorp,wd1,noblecorp,,https://noblecorp.wd1.myworkdayjobs.com/wday/cxs/noblecorp/noblecorp/jobs,https://noblecorp.com/
Borr Drilling,workday,borrdrilling/Borr_Career_Site,borrdrilling,wd103,Borr_Career_Site,,https://borrdrilling.wd103.myworkdayjobs.com/wday/cxs/borrdrilling/Borr_Career_Site/jobs,https://www.borrdrilling.com/careers
3Degrees,workable,3degrees,,,,,,https://3degreesinc.com/careers/
Isometric,ashby,isometric,,,,,,https://isometric.com/careers
Chloris Geospatial,bamboohr,chloris,,,,,,https://www.chloris.earth/
Wildlife Works,workable,wildlife-works,,,,,,https://www.wildlifeworks.com/
Renewable Connections,teamtailor,acm-rcd,,,,,,https://renewableconnections.co.uk/
